"person","displayName","monthYear","totalRaised","mergedToMaster","mergeRatePercent","medianCycleTimeDays","totalComments","reviewerDiversityCount","noWorkItemRatePercent","largePrCount","vagueCommitCount","vagueCommitRatePercent","reviewedCount","reviewedApprovedCount","totalWorkItemsAssigned","totalWorkItemsCompleted"
"jane.doe@example.com","Jane Doe","2026-05","3","2","66.7","2","4","2","33.3","0","3","60","2","2","5","3"
"jane.doe@example.com","Jane Doe","2026-06","3","2","66.7","2","4","2","33.3","0","3","60","2","2","5","3"
"jane.doe@example.com","Jane Doe","2026-07","3","2","66.7","2","4","2","33.3","0","3","60","2","2","5","3"
"raj.patel@example.com","Raj Patel","2026-05","3","2","66.7","2","4","2","33.3","0","3","60","2","2","5","3"
"raj.patel@example.com","Raj Patel","2026-06","3","2","66.7","2","4","2","33.3","0","3","60","2","2","5","3"
"raj.patel@example.com","Raj Patel","2026-07","3","2","66.7","2","4","2","33.3","0","3","60","2","2","5","3"
"mia.chen@example.com","Mia Chen","2026-05","3","2","66.7","2","4","2","33.3","0","3","60","2","2","5","3"
"mia.chen@example.com","Mia Chen","2026-06","3","2","66.7","2","4","2","33.3","0","3","60","2","2","5","3"
"mia.chen@example.com","Mia Chen","2026-07","3","2","66.7","2","4","2","33.3","0","3","60","2","2","5","3"
